{"cameraMode":{"drawMode":0,"name":"Shaded","section":"Shading Mode"},"sceneLighting":false,"audioPlay":false,"sceneViewState":{"showFog":true,"showMaterialUpdate":false,"showSkybox":false,"showFlares":true,"showImageEffects":true,"showParticleSystems":true},"in2DMode":false,"pivot":{"x":0.7746416330337524,"y":2.2455921173095705,"z":-7.250025272369385},"rotation":{"x":-0.18708191812038423,"y":0.20086964964866639,"z":-0.03911244869232178,"w":-0.960793137550354},"size":0.3247448801994324,"orthographic":false}