{"cameraMode":{"drawMode":0,"name":"Shaded","section":"Shading Mode"},"sceneLighting":true,"audioPlay":false,"sceneViewState":{"showFog":true,"showMaterialUpdate":true,"showSkybox":true,"showFlares":true,"showImageEffects":true,"showParticleSystems":true},"in2DMode":false,"pivot":{"x":-1.6629467010498047,"y":1.0271987915039063,"z":-4.148337364196777},"rotation":{"x":0.3314737379550934,"y":0.4264334440231323,"z":-0.17156076431274415,"w":0.8239191770553589},"size":10.042244911193848,"orthographic":false}