{"cameraMode":{"drawMode":0,"name":"Shaded","section":"Shading Mode"},"sceneLighting":false,"audioPlay":false,"sceneViewState":{"showFog":true,"showMaterialUpdate":false,"showSkybox":false,"showFlares":true,"showImageEffects":true,"showParticleSystems":true},"in2DMode":false,"pivot":{"x":-1.44580078125,"y":3.106414794921875,"z":-0.644744873046875},"rotation":{"x":0.025871161371469499,"y":-0.8031980991363525,"z":0.034954942762851718,"w":0.5941522717475891},"size":2.9006247520446779,"orthographic":true}