{"cameraMode":{"drawMode":0,"name":"Shaded","section":"Shading Mode"},"sceneLighting":true,"audioPlay":false,"sceneViewState":{"showFog":false,"showMaterialUpdate":false,"showSkybox":false,"showFlares":false,"showImageEffects":false,"showParticleSystems":false},"in2DMode":false,"pivot":{"x":15.782201766967774,"y":1.0020782947540284,"z":-0.5075584650039673},"rotation":{"x":-0.277098149061203,"y":-0.015279986895620823,"z":0.004406572785228491,"w":-0.9607068300247192},"size":1.3658654689788819,"orthographic":false}