{"cameraMode":{"drawMode":0,"name":"Shaded","section":"Shading Mode"},"sceneLighting":false,"audioPlay":false,"sceneViewState":{"showFog":true,"showMaterialUpdate":false,"showSkybox":false,"showFlares":true,"showImageEffects":true,"showParticleSystems":true},"in2DMode":false,"pivot":{"x":-0.4880000054836273,"y":2.2839999198913576,"z":-1.8300000429153443},"rotation":{"x":-0.0444788932800293,"y":0.9507118463516235,"z":-0.26036569476127627,"w":-0.16241247951984406},"size":0.1299038827419281,"orthographic":false}